<?xml version="1.0" encoding="UTF-8" standalone="no" ?> 
<ip_presets schema="1.0">
  <ip_preset preset_proc_name="ddr3_sdram_preset">
    <ip vendor="xilinx.com" library="ip" name="mig_7series">
      <user_parameters>
        <user_parameter name="CONFIG.XML_INPUT_FILE" value="mig.prj" value_type="file"/> 
      </user_parameters>
    </ip>
  </ip_preset>
  <ip_preset preset_proc_name="btn_2bits_preset">
    <ip vendor="xilinx.com" library="ip" name="axi_gpio" ip_interface="GPIO">
        <user_parameters>
          <user_parameter name="CONFIG.C_GPIO_WIDTH" value="2"/> 
          <user_parameter name="CONFIG.C_ALL_INPUTS" value="1"/> 
	  <user_parameter name="CONFIG.C_ALL_OUTPUTS" value="0"/>
        </user_parameters>
    </ip>
    <ip vendor="xilinx.com" library="ip" name="axi_gpio" ip_interface="GPIO2">
        <user_parameters>
          <user_parameter name="CONFIG.C_IS_DUAL" value="1"/> 
          <user_parameter name="CONFIG.C_GPIO2_WIDTH" value="2"/> 
          <user_parameter name="CONFIG.C_ALL_INPUTS_2" value="1"/> 
	  <user_parameter name="CONFIG.C_ALL_OUTPUTS_2" value="0"/>
        </user_parameters>
    </ip>
	  <ip vendor="xilinx.com" library="ip" name="iomodule" ip_interface="GPIO1">
        <user_parameters>
          <user_parameter name="CONFIG.C_USE_GPI1" value="1"/> 
          <user_parameter name="CONFIG.C_GPI1_SIZE" value="2"/> 
        </user_parameters>
    </ip>
    <ip vendor="xilinx.com" library="ip" name="iomodule" ip_interface="GPIO2">
        <user_parameters>
          <user_parameter name="CONFIG.C_USE_GPI2" value="1"/> 
          <user_parameter name="CONFIG.C_GPI2_SIZE" value="2"/> 
        </user_parameters>
    </ip>
    <ip vendor="xilinx.com" library="ip" name="iomodule" ip_interface="GPIO3">
        <user_parameters>
          <user_parameter name="CONFIG.C_USE_GPI3" value="1"/> 
          <user_parameter name="CONFIG.C_GPI3_SIZE" value="2"/> 
        </user_parameters>
    </ip>
    <ip vendor="xilinx.com" library="ip" name="iomodule" ip_interface="GPIO4">
        <user_parameters>
          <user_parameter name="CONFIG.C_USE_GPI4" value="1"/> 
          <user_parameter name="CONFIG.C_GPI4_SIZE" value="2"/> 
        </user_parameters>
    </ip>
    <ip vendor="xilinx.com" library="ip" name="microblaze_mcs" ip_interface="GPIO1">
        <user_parameters>
          <user_parameter name="CONFIG.USE_GPI1" value="1"/> 
          <user_parameter name="CONFIG.GPI1_SIZE" value="2"/> 
        </user_parameters>
    </ip>
    <ip vendor="xilinx.com" library="ip" name="microblaze_mcs" ip_interface="GPIO2">
        <user_parameters>
          <user_parameter name="CONFIG.USE_GPI2" value="1"/> 
          <user_parameter name="CONFIG.GPI2_SIZE" value="2"/> 
        </user_parameters>
    </ip>
     <ip vendor="xilinx.com" library="ip" name="microblaze_mcs" ip_interface="GPIO3">
        <user_parameters>
          <user_parameter name="CONFIG.USE_GPI3" value="1"/> 
          <user_parameter name="CONFIG.GPI1_SIZE" value="2"/> 
        </user_parameters>
    </ip>
    <ip vendor="xilinx.com" library="ip" name="microblaze_mcs" ip_interface="GPIO4">
        <user_parameters>
          <user_parameter name="CONFIG.USE_GPI4" value="1"/> 
          <user_parameter name="CONFIG.GPI2_SIZE" value="2"/> 
        </user_parameters>
    </ip>
  </ip_preset> 
  
   <ip_preset preset_proc_name="btn_1bit_preset">
    <ip vendor="xilinx.com" library="ip" name="axi_gpio" ip_interface="GPIO">
      <user_parameters>
        <user_parameter name="CONFIG.C_GPIO_WIDTH" value="1"/> 
        <user_parameter name="CONFIG.C_ALL_INPUTS" value="1"/> 
        <user_parameter name="CONFIG.C_ALL_OUTPUTS" value="0"/>
      </user_parameters>
    </ip>
    <ip vendor="xilinx.com" library="ip" name="axi_gpio" ip_interface="GPIO2">
      <user_parameters>
        <user_parameter name="CONFIG.C_IS_DUAL" value="1"/> 
        <user_parameter name="CONFIG.C_GPIO2_WIDTH" value="1"/> 
        <user_parameter name="CONFIG.C_ALL_INPUTS_2" value="1"/> 
        <user_parameter name="CONFIG.C_ALL_OUTPUTS_2" value="0"/>
      </user_parameters>
    </ip>
	  <ip vendor="xilinx.com" library="ip" name="iomodule" ip_interface="GPIO1">
      <user_parameters>
        <user_parameter name="CONFIG.C_USE_GPI1" value="1"/> 
        <user_parameter name="CONFIG.C_GPI1_SIZE" value="1"/> 
      </user_parameters>
    </ip>
    <ip vendor="xilinx.com" library="ip" name="iomodule" ip_interface="GPIO2">
      <user_parameters>
        <user_parameter name="CONFIG.C_USE_GPI2" value="1"/> 
        <user_parameter name="CONFIG.C_GPI2_SIZE" value="1"/> 
      </user_parameters>
    </ip>
    <ip vendor="xilinx.com" library="ip" name="iomodule" ip_interface="GPIO3">
      <user_parameters>
        <user_parameter name="CONFIG.C_USE_GPI3" value="1"/> 
        <user_parameter name="CONFIG.C_GPI3_SIZE" value="1"/> 
      </user_parameters>
    </ip>
    <ip vendor="xilinx.com" library="ip" name="iomodule" ip_interface="GPIO4">
      <user_parameters>
        <user_parameter name="CONFIG.C_USE_GPI4" value="1"/> 
        <user_parameter name="CONFIG.C_GPI4_SIZE" value="1"/> 
      </user_parameters>
    </ip>
    <ip vendor="xilinx.com" library="ip" name="microblaze_mcs" ip_interface="GPIO1">
      <user_parameters>
        <user_parameter name="CONFIG.USE_GPI1" value="1"/> 
        <user_parameter name="CONFIG.GPI1_SIZE" value="1"/> 
      </user_parameters>
    </ip>
    <ip vendor="xilinx.com" library="ip" name="microblaze_mcs" ip_interface="GPIO2">
      <user_parameters>
        <user_parameter name="CONFIG.USE_GPI2" value="1"/> 
        <user_parameter name="CONFIG.GPI2_SIZE" value="1"/> 
      </user_parameters>
    </ip>
    <ip vendor="xilinx.com" library="ip" name="microblaze_mcs" ip_interface="GPIO3">
      <user_parameters>
        <user_parameter name="CONFIG.USE_GPI3" value="1"/> 
        <user_parameter name="CONFIG.GPI1_SIZE" value="1"/> 
      </user_parameters>
    </ip>
    <ip vendor="xilinx.com" library="ip" name="microblaze_mcs" ip_interface="GPIO4">
      <user_parameters>
        <user_parameter name="CONFIG.USE_GPI4" value="1"/> 
        <user_parameter name="CONFIG.GPI2_SIZE" value="1"/> 
      </user_parameters>
    </ip>
  </ip_preset> 
  <ip_preset preset_proc_name="led_4bits_preset">
    <ip vendor="xilinx.com" library="ip" name="axi_gpio" ip_interface="GPIO">
        <user_parameters>
          <user_parameter name="CONFIG.C_GPIO_WIDTH" value="4"/> 
		  <user_parameter name="CONFIG.C_ALL_INPUTS" value="0"/> 
		  <user_parameter name="CONFIG.C_ALL_OUTPUTS" value="1"/>
        </user_parameters>
    </ip>
    <ip vendor="xilinx.com" library="ip" name="axi_gpio" ip_interface="GPIO2">
        <user_parameters>
          <user_parameter name="CONFIG.C_IS_DUAL" value="1"/> 
          <user_parameter name="CONFIG.C_GPIO2_WIDTH" value="4"/> 
		  <user_parameter name="CONFIG.C_ALL_INPUTS_2" value="0"/> 
		  <user_parameter name="CONFIG.C_ALL_OUTPUTS_2" value="1"/>
        </user_parameters>
    </ip>
	<ip vendor="xilinx.com" library="ip" name="iomodule" ip_interface="GPIO1">
        <user_parameters>
          <user_parameter name="CONFIG.C_USE_GPI1" value="1"/> 
          <user_parameter name="CONFIG.C_GPI1_SIZE" value="4"/> 
        </user_parameters>
    </ip>
    <ip vendor="xilinx.com" library="ip" name="iomodule" ip_interface="GPIO2">
        <user_parameters>
          <user_parameter name="CONFIG.C_USE_GPI2" value="1"/> 
          <user_parameter name="CONFIG.C_GPI2_SIZE" value="4"/> 
        </user_parameters>
    </ip>
    <ip vendor="xilinx.com" library="ip" name="iomodule" ip_interface="GPIO3">
        <user_parameters>
          <user_parameter name="CONFIG.C_USE_GPI3" value="1"/> 
          <user_parameter name="CONFIG.C_GPI3_SIZE" value="4"/> 
        </user_parameters>
    </ip>
    <ip vendor="xilinx.com" library="ip" name="iomodule" ip_interface="GPIO4">
        <user_parameters>
          <user_parameter name="CONFIG.C_USE_GPI4" value="1"/> 
          <user_parameter name="CONFIG.C_GPI4_SIZE" value="4"/> 
        </user_parameters>
    </ip>
    <ip vendor="xilinx.com" library="ip" name="microblaze_mcs" ip_interface="GPIO1">
        <user_parameters>
          <user_parameter name="CONFIG.USE_GPI1" value="1"/> 
          <user_parameter name="CONFIG.GPI1_SIZE" value="4"/> 
        </user_parameters>
    </ip>
    <ip vendor="xilinx.com" library="ip" name="microblaze_mcs" ip_interface="GPIO2">
        <user_parameters>
          <user_parameter name="CONFIG.USE_GPI2" value="1"/> 
          <user_parameter name="CONFIG.GPI2_SIZE" value="4"/> 
        </user_parameters>
    </ip>
     <ip vendor="xilinx.com" library="ip" name="microblaze_mcs" ip_interface="GPIO3">
        <user_parameters>
          <user_parameter name="CONFIG.USE_GPI3" value="1"/> 
          <user_parameter name="CONFIG.GPI1_SIZE" value="4"/> 
        </user_parameters>
    </ip>
    <ip vendor="xilinx.com" library="ip" name="microblaze_mcs" ip_interface="GPIO4">
        <user_parameters>
          <user_parameter name="CONFIG.USE_GPI4" value="1"/> 
          <user_parameter name="CONFIG.GPI2_SIZE" value="4"/> 
        </user_parameters>
    </ip>
  </ip_preset>
  <ip_preset preset_proc_name="uart_preset">
    <ip vendor="xilinx.com" library="ip" name="axi_uartlite" ip_interface="UART">
      <user_parameters>
        <user_parameter name="CONFIG.C_BAUDRATE" value="115200"/>
      </user_parameters>
    </ip>
    <ip vendor="xilinx.com" library="ip" name="iomodule" ip_interface="UART">
      <user_parameters>
        <user_parameter name="CONFIG.C_USE_UART_RX" value="1"/> 
        <user_parameter name="CONFIG.C_USE_UART_TX" value="1"/> 
      </user_parameters>
    </ip>
    <ip vendor="xilinx.com" library="ip" name="microblaze_mcs" ip_interface="UART">
      <user_parameters>
        <user_parameter name="CONFIG.USE_UART_RX" value="1"/> 
        <user_parameter name="CONFIG.USE_UART_RX" value="1"/> 
      </user_parameters>
    </ip>
  </ip_preset>
  
  <ip_preset preset_proc_name="sys_clock_preset">
    <ip vendor="xilinx.com" library="ip" name="clk_wiz" ip_interface="clk_in1">
      <user_parameters>
        <user_parameter name="CONFIG.PRIM_IN_FREQ" value="100"/> 
        <user_parameter name="CONFIG.PRIM_SOURCE" value="Single_ended_clock_capable_pin"/>
      </user_parameters>
    </ip>
    <ip vendor="xilinx.com" library="ip" name="clk_wiz" ip_interface="clk_in2">
      <user_parameters>
		<user_parameter name="CONFIG.USE_INCLK_SWITCHOVER" value="true"/>
        <user_parameter name="CONFIG.SECONDARY_IN_FREQ" value="100"/>
        <user_parameter name="CONFIG.SECONDARY_SOURCE" value="Single_ended_clock_capable_pin"/>
      </user_parameters>
    </ip>
  </ip_preset>
  
  <ip_preset preset_proc_name="qspi_preset">
    <ip vendor="xilinx.com" library="ip" name="axi_quad_spi">
      <user_parameters>
        <user_parameter name="CONFIG.C_SPI_MEMORY" value="2"/>
        <user_parameter name="CONFIG.C_SPI_MODE" value="2"/>
        <user_parameter name="CONFIG.C_C_SCK_RATIO" value="2"/>
        <user_parameter name="CONFIG.C_USE_STARTUP" value="0"/>
        <user_parameter name="CONFIG.C_USE_STARTUP_INT" value="0"/>
      </user_parameters>
    </ip>
  </ip_preset>
</ip_presets>
